imdbid,movielabs,deluxe,bomid,bomtitle,wwrelease,inreg
tt0848228,The Avengers,The Avengers,avengers11,Marvel's The Avengers,4/25/12,1
tt1399103,Transformers: Dark of the Moon,Transformers: Dark of the Moon,transformers3,Transformers: Dark of the Moon,6/28/11,1
tt1392170,The Hunger Games,The Hunger Games,hungergames,The Hunger Games,3/21/12,1
tt1409024,Men in Black 3,Men In Black III,mib3,MIB 3,5/23/12,1
tt0948470,The Amazing Spider-Man,The Amazing Spider-Man,spiderman4,The Amazing Spider-Man,6/28/12,1
tt1596343,Fast Five,Fast Five,fastfive,Fast Five,4/20/11,0
tt0401729,John Carter,John Carter,johncarterofmars,John Carter,3/7/12,1
tt1440129,Battleship,Battleship,battleship,Battleship,4/11/12,1
tt0800369,Thor,Thor,thor,Thor,4/21/11,0
tt1515091,Sherlock Holmes: A Game of Shadows,Sherlock Holmes: A Game Of Shadows,sherlockholmes2,Sherlock Holmes: A Game of Shadows,12/14/11,1
tt1637725,Ted,Ted,ted,Ted,6/29/12,1
tt1345836,The Dark Knight Rises,The Dark Knight Rises,batman3,The Dark Knight Rises,7/19/12,1
tt1764651,The Expendables 2,The Expendables 2,expendables2,The Expendables 2,8/15/12,1
tt1229238,Mission: Impossible - Ghost Protocol,Mission: Impossible - Ghost Protocol,mi4,Mission: Impossible - Ghost Protocol,12/14/11,1
tt1074638,Skyfall,Skyfall,bond23,Skyfall,10/26/12,1
tt1298650,Pirates of the Caribbean: On Stranger Tides,Pirates of the Caribbean: On Stranger Tides,piratesofthecaribbean4,Pirates of the Caribbean: On Stranger Tides,5/16/11,1
tt1446714,Prometheus,Prometheus,prometheus,Prometheus,6/1/12,1
tt0433035,Real Steel,Real Steel,realsteel,Real Steel,10/6/11,1
tt1324999,The Twilight Saga: Breaking Dawn - Part 1,The Twilight Saga: Breaking Dawn - Part 1,breakingdawn,The Twilight Saga: Breaking Dawn Part 1,11/16/11,1
tt1646987,Wrath of the Titans,Wrath of the Titans,clashofthetitans2,Wrath of the Titans,3/28/12,1
tt1667889,Ice Age: Continental Drift,Ice Age: Continental Drift,iceage4,Ice Age: Continental Drift,6/27/12,1
tt0458339,Captain America: The First Avenger,Captain America: The First Avenger,captainamerica,Captain America: The First Avenger,7/22/11,1
tt1735898,Snow White and the Huntsman,Snow White and the Huntsman,snowwhiteandthehuntsman,Snow White and the Huntsman,5/30/12,1
tt1637688,In Time,In Time,now,In Time,10/26/11,1
tt1411697,The Hangover Part II,The Hangover Part II,hangover2,The Hangover Part II,5/25/11,1
tt1302011,Kung Fu Panda 2,Kung Fu Panda 2,kungfupanda2,Kung Fu Panda 2,5/25/11,0
tt1496025,Underworld: Awakening,Underworld: Awakening,underworld4,Underworld Awakening,1/19/12,1
tt1270798,X: First Class,X-Men: First Class,xmenfirstclass,X-Men: First Class,6/1/11,1
tt1277953,Madagascar 3: Europe's Most Wanted,Madagascar 3: Europe's Most Wanted,madagascar3,Madagascar 3: Europe's Most Wanted,6/6/12,1
tt1216475,Cars 2,Cars 2,cars2,Cars 2,6/22/11,0
tt1318514,Rise of the Planet of the Apes,Rise of the Planet of the Apes,riseoftheapes,Rise of the Planet of the Apes,8/3/11,1
tt1605630,American Reunion,American Reunion,americanreunion,American Reunion,4/4/12,1
tt1645170,The Dictator,The Dictator,dictator,The Dictator,5/16/12,1
tt1201607,Harry Potter and the Deathly Hallows: Part 2,Harry Potter and the Deathly Hallows: Part 2,harrypotter72,Harry Potter and the Deathly Hallows Part 2,7/13/11,1
tt0454876,Life of Pi,Life of Pi,lifeofpi,Life of Pi,11/21/12,1
tt1253864,Immortals,Immortals,warofgods,Immortals,11/10/11,0
tt1386703,Total Recall,Total Recall,totalrecall2012,Total Recall (2012),8/2/12,1
tt0903624,The Hobbit: An Unexpected Journey,The Hobbit: An Unexpected Journey,hobbit,The Hobbit: An Unexpected Journey,12/12/12,1
tt1217209,Brave,Brave,bearandthebow,Brave,6/19/12,1
tt1194173,The Bourne Legacy,The Bourne Legacy,bourne4,The Bourne Legacy,8/8/12,1
tt1907668,Flight,Flight,flight,Flight,11/2/12,1
tt0472181,The Smurfs,The Smurfs,smurfs,The Smurfs,7/29/11,1
tt1232829,21 Jump Street,21 Jump Street,21jumpstreet,21 Jump Street,3/15/12,1
tt1133985,Green Lantern,Green Lantern,greenlantern,Green Lantern,6/14/11,1
tt1132620,The Girl with the Dragon Tattoo,The Girl with the Dragon Tattoo,girldragontattoo11,The Girl with the Dragon Tattoo (2011),12/21/11,1
tt0448694,Puss in Boots,Puss in Boots,pussinboots12,Puss in Boots,10/27/11,1
tt1397514,Journey 2: The Mysterious Island,Journey 2: The Mysterious Island,journey2,Journey 2: The Mysterious Island,1/19/12,1
tt1024648,Argo,Argo,argo,Argo,10/11/12,1
tt1071875,Ghost Rider: Spirit of Vengeance,Ghost Rider: Spirit of Vengeance,ghostrider2,Ghost Rider: Spirit of Vengeance,2/15/12,1
tt1611224,Abraham Lincoln: Vampire Hunter,Abraham Lincoln: Vampire Hunter,abrahamlincolnvampirehunter,Abraham Lincoln: Vampire Hunter,6/20/12,1
tt1650062,Super 8,Super 8,super8,Super 8,6/9/11,1
tt0945513,Source Code,Source Code,sourcecode,Source Code,3/31/11,0
tt1855325,Resident Evil: Retribution,Resident Evil: Retribution,residentevil5,Resident Evil: Retribution,9/12/12,1
tt1601913,The Grey,The Grey,grey,The Grey,1/26/12,1
tt1632708,Friends with Benefits,Friends with Benefits,friendswithbenefits10,Friends with Benefits,7/22/11,1
tt1397280,Taken 2,Taken 2,taken2,Taken 2,9/29/12,1
tt1656190,Safe,Safe,safe2011,Safe (2012),4/26/12,0
tt1568338,Man on a Ledge,Man on a Ledge,manonaledge,Man on a Ledge,1/26/12,1
tt1599348,Safe House,Safe House,safehouse,Safe House,2/9/12,1
tt1284575,Bad Teacher,Bad Teacher,badteacher,Bad Teacher,6/17/11,1
tt0471042,Tower Heist,Tower Heist,towerheist,Tower Heist,11/2/11,1
tt0409847,Cowboys & Aliens,Cowboys & Aliens,cowboysandaliens,Cowboys & Aliens,7/29/11,1
tt1276104,Looper,Looper,loopers,Looper,9/27/12,1
tt1436562,Rio,Rio,rio,Rio,4/6/11,0
tt1596350,This Means War,This Means War,thismeanwar,This Means War,2/14/12,1
tt1464540,I Am Number Four,I Am Number Four,iamnumberfour,I Am Number Four,2/18/11,0
tt1192628,Rango,Rango,rango,Rango,3/2/11,0
tt1853728,Django Unchained,Django Unchained,djangounchained,Django Unchained,12/25/12,1
tt1622979,Final Destination 5,Final Destination 5,finaldestination5,Final Destination 5,8/12/11,1
tt0472399,The Mechanic,The Mechanic,mechanic,The Mechanic,1/25/11,0
tt1673434,The Twilight Saga: Breaking Dawn - Part 2,The Twilight Saga: Breaking Dawn - Part 2,breakingdawn2,The Twilight Saga: Breaking Dawn Part 2,11/14/12,1
tt0822847,Priest,Priest,priest07,Priest,4/27/11,0
tt1499658,Horrible Bosses,Horrible Bosses,horriblebosses,Horrible Bosses,7/8/11,1
tt1591479,Act of Valor,Act of Valor,actofvalor,Act of Valor,2/23/12,1
tt1568911,War Horse,War Horse,warhorse,War Horse,12/25/11,1
tt1385826,The Adjustment Bureau,The Adjustment Bureau,adjustmentbureau,The Adjustment Bureau,3/3/11,0
tt0978764,Sucker Punch,Sucker Punch,suckerpunch,Sucker Punch,3/24/11,0
tt1592525,Lockout,Lockout,lockout,Lockout,4/12/12,1
tt1259521,The Cabin in the Woods,The Cabin in the Woods,cabininthewoods,The Cabin in the Woods,4/12/12,1
tt0790724,Jack Reacher,Jack Reacher,oneshot,Jack Reacher,12/20/12,1
tt1371111,Cloud Atlas,Cloud Atlas,cloudatlas,Cloud Atlas,10/26/12,1
tt1570728,Crazy_ Stupid_ Love.,"Crazy, Stupid, Love.",crazystupidlove,"Crazy, Stupid, Love.",7/28/11,1
tt1502404,Drive Angry,Drive Angry,driveangry,Drive Angry,2/24/11,0
tt0816462,Conan the Barbarian,Conan the Barbarian,conan3d,Conan the Barbarian (2011),8/17/11,1
tt1488555,The Change-Up,The Change-Up,changeup,The Change-Up,8/5/11,1
tt1482459,The Lorax,Dr. Seuss' The Lorax,lorax,Dr. Seuss' The Lorax,3/1/12,1
tt1657507,Colombiana,Colombiana,colombiana,Colombiana,7/28/11,1
tt1800741,Step Up Revolution,Step Up Revolution,stepup4,Step Up Revolution,7/26/12,1
tt1210166,Moneyball,Moneyball,moneyball,Moneyball,9/23/11,1
tt1606389,The Vow,The Vow,vow,The Vow,2/9/12,1
tt1524137,Contraband,Contraband,contraband,Contraband,1/12/12,1
tt1772341,Wreck-It Ralph,Wreck-It Ralph,rebootralph,Wreck-It Ralph,11/1/12,1
tt1564367,Just Go with It,Just Go with It,thepretendwife,Just Go With It,2/9/11,0
tt1343727,Dredd,Dredd 3D,dredd,Dredd,9/7/12,1
tt1598778,Contagion,Contagion,contagion,Contagion,9/8/11,1
tt1478338,Bridesmaids,Bridesmaids,wiigapatow,Bridesmaids,5/13/11,1
tt0780504,Drive,Drive,drive2011,Drive (2011),9/15/11,1
tt1509767,The Three Musketeers,The Three Musketeers,threemusketeers11,,9/2/11,0
tt0837562,Hotel Transylvania,Hotel Transylvania,hoteltransylvania,Hotel Transylvania,9/20/12,1
tt1033575,The Descendants,The Descendants,descendents,The Descendants,12/9/11,1
tt0443272,Lincoln,Lincoln,lincoln,Lincoln,11/16/12,1
tt1446192,Rise of the Guardians,Rise of the Guardians,guardians,Rise of the Guardians,11/21/12,1
tt1634122,Johnny English Reborn,Johnny English Reborn,johnnyenglish2,Johnny English Reborn,9/15/11,1
tt1222817,Zookeeper,Zookeeper,zookeeper,Zookeeper,7/7/11,0
tt1454029,The Help,The Help,help2011,The Help,8/10/11,1
tt1045658,Silver Linings Playbook,Silver Linings Playbook,silverliningsplaybook,Silver Linings Playbook,11/21/12,0
tt1396218,Mr. Popper's Penguins,Mr. Popper's Penguins,mrpopperspenguins,Mr. Popper's Penguins,6/16/11,1
tt1327194,The Lucky One,The Lucky One,luckyone,The Lucky One,4/19/12,1
tt1615918,Alvin and the Chipmunks: Chipwrecked,Alvin and the Chipmunks: Chip-Wrecked,alvin3d,Alvin and the Chipmunks: Chipwrecked,12/14/11,0
tt1596365,The Woman in Black,The Woman in Black,womaninblack,The Woman in Black,2/3/12,1
tt1240982,Your Highness,Your Highness,yourhighness,Your Highness,4/8/11,0
tt1402488,Happy Feet Two,Happy Feet Two,happyfeet2,Happy Feet Two,11/17/11,1
tt1605783,Midnight in Paris,Midnight in Paris,midnightinparis,Midnight in Paris,5/11/11,0
tt0993842,Hanna,Hanna,hanna,Hanna,4/7/11,0
tt1124035,The Ides of March,The Ides of March,idesofmarch,The Ides of March,10/7/11,1
tt0478304,The Tree of Life,The Tree of Life,treeoflife,The Tree of Life,5/17/11,1
tt0881320,Sanctum,Sanctum,sanctum,Sanctum,2/8/11,0
tt1615065,Savages,Savages,savages12,Savages (2012),7/6/12,1
tt1067583,Water for Elephants,Water for Elephants,waterforelephants,Water for Elephants,4/15/11,0
tt1389137,We Bought a Zoo,We Bought A Zoo,weboughtazoo,We Bought a Zoo,12/22/11,1
tt1915581,Magic Mike,Magic Mike,magicmike,Magic Mike,6/28/12,1
tt1790885,Zero Dark Thirty,Zero Dark Thirty,binladen,Zero Dark Thirty,1/4/13,0
tt1922777,Sinister,Sinister,sinister,Sinister,10/5/12,1
tt1616195,J. Edgar,J. Edgar,jedgar,J. Edgar,11/11/11,1
tt1623288,ParaNorman,ParaNorman,paranorman,ParaNorman,8/3/12,1
tt0377981,Gnomeo & Juliet,Gnomeo & Juliet,gnomeoandjuliet,Gnomeo and Juliet,2/10/11,0
tt1598828,One for the Money,One for the Money,oneforthemoney,One For the Money,1/26/12,1
tt1667353,Mirror Mirror,Mirror Mirror,untitledsnowwhite,Mirror Mirror,3/15/12,1
tt1232200,That's My Boy,That's My Boy,ihateyoudad,That's My Boy,6/14/12,1
tt1778304,Paranormal Activity 3,Paranormal Activity 3,paranormalactivity3,Paranormal Activity 3,10/19/11,1
tt1411704,Hop,Hop,ihop,Hop,3/30/11,0
tt1438176,Fright Night,Fright Night,frightnight2011,Fright Night (2011),8/18/11,1
tt1622547,30 Minutes or Less,30 Minutes or Less,30minutesorless,30 Minutes or Less,8/12/11,1
tt1411238,No Strings Attached,No Strings Attached,friendswithbenefits,No Strings Attached,1/25/11,0
tt1007029,The Iron Lady,The Iron Lady,ironlady,The Iron Lady,12/27/11,1
tt1366365,The Cold Light of Day,The Cold Light of Day,coldlightofday,The Cold Light of Day,4/4/12,1
tt1598822,New Year's Eve,New Year's Eve,newyearseve,New Year's Eve,12/8/11,1
tt1586265,What to Expect When You're Expecting,What To Expect When You're Expecting,whattoexpect,What to Expect When You're Expecting,5/17/12,1
tt1649419,Lo Imposible,The Impossible,impossible,The Impossible,10/11/12,1
tt1772240,Apollo 18,Apollo 18,apollo18,Apollo 18,9/1/11,1
tt1712170,Alex Cross,Alex Cross,alexcross,Alex Cross,10/17/12,1
tt1547234,Premium Rush,Premium Rush,premiumrush,Premium Rush,8/23/12,1
tt1321870,Gangster Squad,Gangster Squad,gangstersquad,Gangster Squad,1/9/13,1
tt1262416,Scream 4,Scream 4 ,scream4,Scream 4,4/13/11,0
tt1212450,Lawless,Lawless,wettestcountry,Lawless,8/29/12,1
tt1764234,Killing Them Softly,Killing Them Softly,coganstrade,Killing Them Softly,9/21/12,1
tt0485985,Red Tails,Red Tails,redtails,Red Tails,1/20/12,1
tt0376136,The Rum Diary,The Rum Diary,rumdiary,The Rum Diary,10/21/11,1
tt1931533,Seven Psychopaths,Seven Psychopaths,sevenpsychopaths,Seven Psychopaths,10/12/12,1
tt1142977,Frankenweenie,Frankenweenie,frankenweenie,Frankenweenie,10/4/12,1
tt1366344,The Sitter,The Sitter,sitter,The Sitter,12/9/11,1
tt1258972,The Man with the Iron Fists,The Man with the Iron Fists,manwiththeironfists,The Man with the Iron Fists,11/2/12,1
tt1204342,The Muppets,The Muppets,themuppets,The Muppets,11/23/11,1
tt1904996,Parker,Parker,parker,Parker,1/23/13,1
tt1195478,The Five-Year Engagement,The Five-Year Engagement,fiveyearengagement,The Five-Year Engagement,4/27/12,1
tt1034389,The Eagle,The Eagle,eagleoftheninth,The Eagle,2/10/11,0
tt1648179,Here Comes the Boom,Here Comes the Boom,herecomestheboom,Here Comes the Boom,10/12/12,1
tt1636826,Project X,Project X,projectx2011,Project X,3/1/12,1
tt1462041,Dream House,Dream House,dreamhouse,Dream House,9/29/11,1
tt1340800,Tinker Tailor Soldier Spy,Tinker Tailor Soldier Spy,tinkertailorsoldierspy,"Tinker, Tailor, Soldier, Spy",9/16/11,1
tt0491152,Something Borrowed,Something Borrowed,somethingborrowed,Something Borrowed,5/9/11,1
tt0477302,Extremely Loud & Incredibly Close,Extremely Loud and Incredibly Close,extremelyloud,Extremely Loud & Incredibly Close,1/20/12,0
tt1067774,Monte Carlo,Monte Carlo,montecarlo,Monte Carlo,6/30/11,1
tt1430607,Arthur Christmas,Arthur Christmas,arthurchristmas,Arthur Christmas,11/11/11,0
tt1336608,Rock of Ages,Rock of Ages,rockofages,Rock of Ages,6/13/12,0
tt0770703,What's Your Number?,What's Your Number?,whatsyournumber,What's Your Number?,9/29/11,1
tt2023587,Mama,Mama,mama,Mama,1/17/13,1
tt1583420,Larry Crowne,Larry Crowne,larrycrowne,Larry Crowne,6/30/11,1
tt1549920,The Last Stand,The Last Stand,laststand,The Last Stand,1/17/13,1
tt0383010,The Three Stooges,The Three Stooges,threestooges,The Three Stooges,4/13/12,1
tt1625346,Young Adult,Young Adult,youngadult,Young Adult,12/16/11,1
tt1591095,Insidious,Insidious,insidious,Insidious,3/31/11,0
tt2109184,Paranormal Activity 4,Paranormal Activity 4,paranormalactivity4,Paranormal Activity 4,10/17/12,1
tt1560985,The Devil Inside,The Devil Inside,devilinside,The Devil Inside,1/6/12,1
tt1758830,This Is 40,This Is 40,apatow,This Is 40,12/20/12,1
tt1981677,Pitch Perfect,Pitch Perfect,pitchperfect,Pitch Perfect,10/4/12,1
tt1621045,Think Like a Man,Think Like a Man,thinklikeaman,Think Like a Man,3/25/12,1
tt1068242,Footloose,Footloose,footloose2010,Footloose (2011),10/6/11,0
tt1092026,Paul,Paul,paul,Paul,2/14/11,0
tt1606378,A Good Day to Die Hard,A Good Day to Die Hard,diehard5,A Good Day to Die Hard,2/7/13,1
tt1540133,The Guard,The Guard,guard,The Guard,8/19/11,1
tt1707386,Les MisÌ©rables,Les Miserables,lesmiserables2012,Les Miserables (2012),12/21/12,0
tt1234719,Red Dawn,Red Dawn,reddawn10,Red Dawn (2012),11/21/12,1
tt1334512,Arthur,Arthur,arthur2011,Arthur (2011),4/8/11,0
tt0431021,The Possession,The Possession,dibbukbox,The Possession,8/30/12,1
tt1077368,Dark Shadows,Dark Shadows,darkshadows,Dark Shadows,5/9/12,1
tt1659337,The Perks of Being a Wallflower,The Perks of Being a Wallflower,perksofbeingawallflower,The Perks of Being a Wallflower,9/20/12,1
tt1152398,Beastly,Beastly,beastly,Beastly,3/3/11,0
tt1235522,Broken City,Broken City,brokencity,Broken City,1/18/13,1
tt1428538,Hansel & Gretel: Witch Hunters,Hansel & Gretel: Witch Hunters,hanselandgretelwitchhunters,Hansel and Gretel: Witch Hunters,1/17/13,1
tt1464174,Big Mommas: Like Father_ Like Son,"Big Mommas: Like Father, Like Son",bigmomma3,"Big Mommas: Like Father, Like Son",2/16/11,0
tt1859650,To Rome with Love,To Rome with Love,nerofiddled,To Rome with Love,4/21/12,0
tt1840417,The Words,The Words,words2012,The Words,9/7/12,1
tt1564349,Dolphin Tale,Dolphin Tale,dolphintale,Dolphin Tale,9/22/11,1
tt1655460,Wanderlust,Wanderlust,wanderlust,Wanderlust,2/24/12,1
tt1412386,The Best Exotic Marigold Hotel,The Best Exotic Marigold Hotel,bestexoticmarigoldhotel,The Best Exotic Marigold Hotel,2/24/12,1
tt0999913,Straw Dogs,Straw Dogs,strawdogs10,Straw Dogs (2011),9/16/11,1
tt1430626,The Pirates! Band of Misfits,The Pirates! Band of Misfits,pirates12,The Pirates! Band of Misfits,3/28/12,0
tt1596346,Soul Surfer,Soul Surfer,soulsurfer,Soul Surfer,4/9/11,0
tt1430615,Big Miracle,Big Miracle,everybodyloveswhales,Big Miracle,2/2/12,1
tt1307068,Seeking a Friend for the End of the World,Seeking a Friend for the End of the World,seekingafriend,Seeking a Friend for the End of the World,6/22/12,1
tt1305591,Mars Needs Moms,Mars Needs Moms,marsneedsmoms,Mars Needs Moms,3/9/11,0
tt1053810,The Big Year,The Big Year,bigyear,The Big Year,10/14/11,1
tt1764183,Arbitrage,Arbitrage,arbitrage,Arbitrage,9/14/12,1
tt1333125,Movie 43,Movie 43,movie43,Movie 43,1/1/13,1
tt1571222,A Dangerous Method,A Dangerous Method,dangerousmethod,A Dangerous Method,10/2/11,1
tt1623205,Oz the Great and Powerful,Oz the Great and Powerful,oz,Oz The Great and Powerful,3/7/13,1
tt1723811,Shame,Shame,shame,Shame,12/7/11,0
tt0810913,Jack and Jill,Jack and Jill,jackandjill,Jack and Jill,11/11/11,1
tt1462769,The Odd Life of Timothy Green,The Odd Life of Timothy Green,oddlifeoftimothygreen,The Odd Life of Timothy Green,8/15/12,1
tt0905372,The Thing,The Thing,thing11,The Thing (2011),10/12/11,1
tt1629757,Chasing Mavericks,Chasing Mavericks,ofmenandmavericks,Chasing Mavericks,10/25/12,1
tt1706593,Chronicle,Chronicle,chronicle2012,Chronicle (2012),2/1/12,1
tt0975645,Hitchcock,Hitchcock,hitchcock,Hitchcock,12/14/12,0
tt1093357,The Darkest Hour,The Darkest Hour,darkesthour,The Darkest Hour,12/22/11,1
tt0970179,Hugo,Hugo,hugocabret,Hugo,11/23/11,1
tt1189340,The Lincoln Lawyer,Lincoln Lawyer,lincolnlawyer,The Lincoln Lawyer,3/17/11,0
tt1433822,The Apparition,The Apparition,apparition,The Apparition,8/23/12,1
tt0810922,Take Me Home Tonight,Take Me Home Tonight,kidsinamerica2011,Take Me Home Tonight,3/4/11,0
tt1535438,Hope Springs,Hope Springs,greathopesprings,Hope Springs,8/8/12,1
tt0938330,Silent Hill: Revelation 3D,Silent Hill: Revelation 3D,silenthill2,Silent Hill: Revelation 3D,10/25/12,1
tt2083383,Trouble with the Curve,Trouble With The Curve,troublewiththecurve,Trouble with the Curve,9/22/12,1
tt1441952,Salmon Fishing in the Yemen,Salmon Fishing in the Yemen,salmonfishing,Salmon Fishing in the Yemen,3/15/12,0
tt1449283,Winnie the Pooh,Winnie the Pooh,winniethepooh,Winnie the Pooh,4/10/11,0
tt1604171,Prom,Prom,prom,Prom,5/9/11,0
tt1291584,Warrior,Warrior,warrior10,Warrior,9/9/11,1
tt1839492,Ruby Sparks,Ruby Sparks,rubysparks,Ruby Sparks,9/10/12,1
tt2125435,Beasts of the Southern Wild,Beasts of the Southern Wild,beastsofthesouthernwild,Beasts of the Southern Wild,7/5/12,0
tt1716777,People Like Us,People Like Us,peoplelikeus,People Like Us,6/29/12,1
tt1640484,Jumping the Broom,Jumping the Broom,jumpingthebroom,Jumping the Broom,5/9/11,1
tt1389096,Stand Up Guys,Stand Up Guys,standupguys,Stand Up Guys,1/12/13,1
tt1630036,Courageous,Courageous,courageous,Courageous,9/30/11,1
tt1540128,Playing for Keeps,Playing for Keeps,playingthefield,Playing for Keeps,12/5/12,1
tt1343092,Beautiful Creatures,Beautiful Creatures,beautifulcreatures13,Beautiful Creatures (2013),2/13/13,1
tt0763831,A Thousand Words,A Thousand Words,athousandwords,A Thousand Words,3/9/12,1
tt2024432,Identity Thief,Identity Thief,identitythief,Identity Thief,2/8/13,1
tt0968264,The Conspirator,The Conspirator,conspirator,The Conspirator,4/15/11,0
tt1790886,The Campaign,The Campaign,rivals,The Campaign,8/9/12,1
tt1298649,The Watch,The Watch,neighborhoodwatch,The Watch,7/27/12,1
tt1588173,Warm Bodies,Warm Bodies,warmbodies,Warm Bodies,1/31/13,1
tt1862079,Safety Not Guaranteed,Safety Not Guaranteed,safetynotguaranteed,Safety Not Guaranteed,10/18/12,0
tt1229822,Jane Eyre,Jane Eyre,janeeyre2011,Jane Eyre,5/31/11,0
tt1047540,Parental Guidance,Parental Guidance,parentalguidance,Parental Guidance,12/25/12,1
tt1792647,Cirque du Soleil: Worlds Away,Cirque du Soleil: Worlds Away,cirquedusoleil,Cirque Du Soleil: Worlds Away,11/9/12,0
tt1758692,Like Crazy,Like Crazy,likecrazy,Like Crazy,1/27/12,0
tt1606392,Win Win,Win Win,winwin,Win Win,6/4/11,0
tt0844993,Hoodwinked Too! Hood vs. Evil,Hoodwinked Too! Hood vs Evil,hoodwinked2,Hoodwinked Too! Hood vs. Evil,4/29/11,0
tt2215285,Madea's Witness Protection,Madea's Witness Protection,madeaswitnessprotection,Tyler Perry's Madea's Witness Protection,6/29/12,1
tt2053463,Side Effects,Side Effects,bitterpill,Side Effects (2013),2/8/13,0
tt2023453,Diary of a Wimpy Kid: Dog Days,Diary of a Wimpy Kid: Dog Days,diaryofawimpykid3,Diary of a Wimpy Kid: Dog Days,8/3/12,1
tt1600195,Abduction,Abduction,abduction11,Abduction,9/22/11,1
tt1866249,The Sessions,The Sessions,sixsessions,The Sessions,11/8/12,1
tt1885265,Good Deeds,Tyler Perry's Good Deeds,gooddeeds,Tyler Perry's Good Deeds,2/24/12,1
tt1767382,Silent House,Silent House,silenthouse,Silent House,3/9/12,1
tt1532503,Beginners,Beginners,beginners,Beginners,6/10/11,0
tt1521197,Anonymous,Anonymous,anonymous,Anonymous,10/28/11,1
tt1306980,50/50,50/50,50fifty,50/50,9/30/11,1
tt1477837,Cedar Rapids,Cedar Rapids,cedarrapids,Cedar Rapids,3/28/11,0
tt1506999,Haywire,Haywire,haywire,Haywire,1/18/12,1
tt1351685,Jack the Giant Slayer,Jack the Giant Slayer,jackthegiantkiller,Jack the Giant Slayer,2/28/13,1
tt1517489,Spy Kids: All the Time in the World in 4D,Spy Kids: All the Time in the World in 4D,spykids4,Spy Kids: All the Time in the World,8/18/11,1
tt1663143,Fun Size,Fun Size,funsize,Fun Size,10/25/12,1
tt1308729,Bullet to the Head,Bullet to the Head,bullettothehead,Bullet to the Head,1/31/13,1
tt2091473,Promised Land,Promised Land,promisedland2012,Promised Land (2012),1/8/13,1
tt1781769,Anna Karenina,Anna Karenina,annakarenina2012,Anna Karenina,9/9/12,0
tt1650043,Diary of a Wimpy Kid: Rodrick Rules,Diary of a Wimpy Kid: Rodrick Rules,diaryofawimpykid2,Diary of a Wimpy Kid: Rodrick Rules,3/19/11,0
tt1441326,Martha Marcy May Marlene,Martha Marcy May Marlene,marthamarcymaymarlene,Martha Marcy May Marlene,12/21/11,0
tt0882977,Snitch,Snitch,snitch,Snitch,2/21/13,1
tt1411664,Bucky Larson: Born to Be a Star,Bucky Larson: Born to be a Star,borntobeastar,Bucky Larson: Born to Be a Star,5/28/11,0
tt1692486,Carnage,Carnage,carnage2011,Carnage (2011),9/16/11,1
tt1710396,Joyful Noise,Joyful Noise,joyfulnoise,Joyful Noise,1/13/12,0
tt1531663,Everything Must Go,Everything Must Go,everythingmustgo,Everything Must Go,5/13/11,0
tt1694020,The Guilt Trip,The Guilt Trip,mymotherscurse,The Guilt Trip,12/19/12,1
tt1265990,The Roommate,The Roommate,roommate10,The Roommate,2/8/11,0
tt2125608,Searching for Sugar Man,Searching for Sugar Man,searchingforsugarman,Searching for Sugar Man,7/26/12,0
tt1787759,Madea's Big Happy Family,Madea's Big Happy Family,madeasbighappyfamily,Tyler Perry's Madea's Big Happy Family,4/22/11,0
tt1223236,African Cats,African Cats,africancats,African Cats,4/22/11,0
tt1381404,The Company You Keep,The Company You Keep,companyyoukeep,The Company You Keep,12/26/12,1
tt1876451,Sparkle,Sparkle,sparkle2012,Sparkle (2012),8/17/12,0
tt1222815,Chimpanzee,Chimpanzee,chimpanzee,Chimpanzee,4/20/12,0
tt1870529,Won't Back Down,Won't Back Down,learningtofly,Won't Back Down,9/28/12,1
tt1226753,The Debt,The Debt,debt,The Debt,6/18/11,0
tt1783732,The Place Beyond the Pines,The Place Beyond the Pines,placebeyondthepines,The Place Beyond the Pines,3/20/13,1
tt1486192,The Raven,The Raven,raven,The Raven,3/11/12,1
tt1477855,Hyde Park on Hudson,Hyde Park on Hudson,hydepark,Hyde Park on Hudson,1/10/13,0
tt1547230,Judy Moody and the Not Bummer Summer,Judy Moody and the Not Bummer Summer,judymoody,Judy Moody and the NOT Bummer Summer,6/10/11,0
tt2034139,The Last Exorcism Part II,The Last Exorcism Part II,lastexorcism2,The Last Exorcism Part II,2/28/13,1
tt1405365,Celeste & Jesse Forever,Celeste and Jesse Forever,celesteandjesseforever,Celeste and Jesse Forever,10/5/12,1
tt1838544,Gone,Gone,gone,Gone,2/23/12,1
tt1563738,One Day,One Day,oneday,One Day,8/17/11,1
tt1219289,Limitless,,darkfields,Limitless,3/17/11,0
tt1448755,Killer Elite,Killer Elite,killerelite,Killer Elite,9/22/11,0
tt1486185,Red Riding Hood,,redridinghood,Red Riding Hood,3/10/11,0
tt0480687,Hall Pass,,hallpass,Hall Pass,2/24/11,0
tt1401152,Unknown,,unknownwhitemale11,Unknown,2/18/11,0
tt1855199,End of Watch,,endofwatch,End of Watch,9/20/12,0
tt1748122,Moonrise Kingdom,,moonrisekingdom,Moonrise Kingdom,5/16/12,0
tt1991245,Chernobyl Diaries,,chernobyldiaries,Chernobyl Diaries,5/24/12,0
tt1615147,Margin Call,,margincall,Margin Call,9/30/11,0
tt1504320,The King's Speech,,kingsspeechpg13,The King's Speech (PG-13),1/25/11,0
tt1268799,A Very Harold & Kumar 3D Christmas,,haroldandkumar3,A Very Harold & Kumar 3D Christmas,11/4/11,0
tt1583421,G.I. Joe: Retaliation,G.I. Joe: Retaliation,gijoe2,G.I. Joe: Retaliation,3/27/13,1
tt1560747,The Master,,themaster,The Master,9/21/12,0
tt1720616,Friends with Kids,,friendswithkids,Friends with Kids,3/16/12,0
tt1161864,The Rite,,rite,The Rite,1/28/11,0
tt1655420,My Week with Marilyn,,myweekwithmarilyn,My Week with Marilyn,11/25/11,0
tt1582507,House at the End of the Street,,houseattheendofthestreet,House at the End of The Street,9/21/12,0
tt1742650,I Don't Know How She Does It,,idontknowhowshedoesit,I Don't Know How She Does It,9/15/11,0
tt1172991,The Company Men,,companymen,The Company Men,1/27/11,0
tt1483013,Oblivion,Oblivion,oblivion,Oblivion,4/10/13,1
tt1637706,Our Idiot Brother,,ouridiotbrother,Our Idiot Brother,8/26/11,0
tt2243537,A Haunted House,,hauntedhouse,A Haunted House,1/11/13,0
tt1517260,The Host,The Host,host2013,The Host (2013),3/22/13,1
tt1655442,The Artist,,artist,The Artist,10/18/11,0
tt1935179,Mud,Mud,mud,Mud,5/1/13,1
tt1300854,Iron Man Three,Iron Man 3,ironman3,Iron Man 3,4/18/13,1
tt1456635,Goon,,goon,Goon,1/6/12,0
tt2176013,Jab Tak Hai Jaan,,yashchopra,Jab Tak Hai Jaan,11/13/12,0
tt0481499,The Croods,The Croods,croods,The Croods,3/15/13,0
tt1602098,Albert Nobbs,,albertnobbs,Albert Nobbs,12/26/11,0
tt1527186,Melancholia,,melancholia,Melancholia,5/28/11,0
tt1602620,Amour,,amour,Amour,9/20/12,0
tt2387433,Dark Skies,,darkskies,Dark Skies,2/21/13,0
tt1702425,Casa de mi Padre,,casademipadre,Casa De Mi Padre,5/11/12,0
tt0893412,From Prada to Nada,,frompradatonada,From Prada to Nada,1/28/11,0
tt1787988,Talaash,,talaash,Talaash,11/30/12,0
tt0480239,Atlas Shrugged: Part I,,atlasshrugged,,4/16/11,0
tt1255953,Incendies,,incendies,,1/25/11,0
tt1815852,Nitro Circus: The Movie,,nitrocircus,Nitro Circus the Movie 3D,8/8/12,0
tt0770802,Samsara,,samsara,Samsara,8/23/12,0
tt1288558,Evil Dead,Evil Dead,evildead2013,Evil Dead (2013),4/4/13,1
tt1704573,Bernie,,bernie,Bernie,6/25/12,0
tt1711425,21 & Over,21 and Over,21andover,21 and Over,2/28/13,0
tt0765446,Escape from Planet Earth,,escapefromplanetearth,Escape From Planet Earth,2/15/13,0
tt0795461,,,scarymovie5,Scary Movie 5,0000-00-00,0
tt1566501,For Greater Glory: The True Story of Cristiada,,forgreaterglory,For Greater Glory,4/28/12,0
tt2302755,Olympus Has Fallen,Olympus Has Fallen,olympushasfallen,Olympus Has Fallen,3/20/13,1
tt1817676,Girl in Progress,,girlinprogress,Girl in Progress,8/12/12,0
tt0790628,The Incredible Burt Wonderstone,The Incredible Burt Wonderstone,burtwonderstone,The Incredible Burt Wonderstone,3/14/13,0
tt2082197,Barfi!,,barfi,Barfi!,9/13/12,0
tt2101441,Spring Breakers,,springbreakers,Spring Breakers,3/6/13,0
tt1772925,Jiro Dreams of Sushi,,jirodreamsofsushi,Jiro Dreams of Sushi,3/15/12,0
tt1911644,The Call,The Call,call2013,The Call,3/14/13,0
tt1664894,Cave of Forgotten Dreams,,caveofforgottendreams,Cave of Forgotten Dreams,5/9/11,0
tt2011971,Monsieur Lazhar,,monsieurlazhar,Monsieur Lazhar (U.S.-only),3/7/12,0
tt1720182,October Baby,,octoberbaby2012,October Baby (2012),4/16/13,0
tt1980209,Pain & Gain,Pain & Gain,painandgain,Pain and Gain,4/18/13,1
tt2247692,2016: Obama's America,,2016obamasamerica,2016 Obama's America,8/26/12,0
tt1699147,Seven Days in Utopia,,sevendaysinutopia,Seven Days in Utopia,9/4/11,0
tt2103264,Emperor,,emperor,Emperor,4/25/13,0
tt2101341,Dead Man Down,Dead Man Down,deadmandown,Dead Man Down,3/8/13,1
tt1899353,Serbuan maut,The Raid: Redemption,raid,The Raid: Redemption,3/22/12,0
tt1441951,Quartet,,quartet,Quartet,12/26/12,0
tt1559547,42,42,42,42,4/12/13,1
tt2097307,Hit and Run,,hitandrun,Hit and Run,8/22/12,0
tt2359137,Last Ounce of Courage,,lastounceofcourage,Last Ounce of Courage,9/19/12,0
tt1990314,Robot & Frank,,robotandfrank,Robot & Frank,9/19/12,0
tt1753549,Buck,,buck,Buck,2/29/12,0
tt1748227,The Collection,,collection,The Collection,11/29/12,0
tt1985017,Atlas Shrugged II: The Strike,,atlasshruggedpart2,Atlas Shrugged: Part II,10/12/12,0
tt1440266,Pina,,pina,Pina,9/17/11,0
tt1931435,The Big Wedding,The Big Wedding,bigwedding,The Big Wedding,4/25/13,1
tt1814621,Admission,Admission,admission,Admission,3/22/13,1
tt1680059,Born to Be Wild,,borntobewildimax,,4/8/11,0
tt2073128,To the Arctic 3D,,tothearctic,,4/20/12,0
tt1869425,Filly Brown,,fillybrown,Filly Brown,4/21/13,0
tt2051894,Home Run,,homerun,Home Run,4/19/13,0
,,,lionking3d,The Lion King (in 3D),0000-00-00,0
,,Battle: Los Angeles,battlelosangeles,Battle: Los Angeles,0000-00-00,0
,,,beautyandthebeast3d,Beauty and the Beast (3D),0000-00-00,0
tt1702439,Safe Haven,Safe Haven,safehaven,Safe Haven,2/13/13,1
,,,titanic3d,Titanic 3D,0000-00-00,0
,,,jurassicpark3d,Jurassic Park 3D,0000-00-00,0
,,,starwars3d,Star Wars: Episode I - The Phantom Menace (in 3D),0000-00-00,0
,,,findingnemo3d,Finding Nemo (3D),0000-00-00,0
,,,texaschainsaw3d,Texas Chainsaw 3D,0000-00-00,0
,,,monstersinc3d,"Monsters, Inc. (3D)",0000-00-00,0
,,Katy Perry: Part of Me,katyperry,Katy Perry: Part of Me,0000-00-00,0
,,Don't Be Afraid of the Dark,dontbeafraidofthedark,Don't Be Afraid of the Dark,0000-00-00,0
,,,arrietty,The Secret World of Arrietty,0000-00-00,0
,,Shark Night 3D,shark3d,Shark Night 3D,0000-00-00,0
,,,raidersimax,Raiders of the Lost Ark (IMAX),0000-00-00,0
,,,gleelive3d,Glee The 3D Concert Movie,0000-00-00,0
,,,laughatmypain,Kevin Hart: Laugh at My Pain,0000-00-00,0
,,,sarahskey,Sarah's Key,0000-00-00,0
,,,aseperation,A Separation,0000-00-00,0
,,,way2011,The Way,0000-00-00,0
,,"Jeff, Who Lives at Home",jeffwholivesathome,"Jeff, Who Lives at Home",0000-00-00,0
,,,ofgodsandmen,Of Gods and Men,0000-00-00,0
,,The Skin I Live In,skinilivein,The Skin I Live In,0000-00-00,0
,,,debangg2,Dabangg 2,0000-00-00,0
,,,gracecard,The Grace Card,0000-00-00,0
,,,queenofversailles,The Queen of Versailles,0000-00-00,0
,,,ekthatiger,Ek Tha Tiger,0000-00-00,0
tt2309788,The Gatekeepers,,gatekeepers,The Gatekeepers,3/20/13,0
,,,sleepwalkwithme,Sleepwalk with Me,0000-00-00,0
,,Trance,trance,Trance,0000-00-00,0
,,,no2013,No (2013),0000-00-00,0
,,Rust and Bone,rustandbone,Rust and Bone,0000-00-00,0
,,,footnote,Footnote,0000-00-00,0
,,,sapphires,The Sapphires,0000-00-00,0
tt2150332,Renoir,,renoir,Renoir,12/30/12,0
,,The Other Woman,otherwoman14,The Other Woman (2014),0000-00-00,0
tt0983193,The Adventures of Tintin,The Adventures of Tintin: The Secret of the Unicorn,tintin,The Adventures of Tintin,10/26/11,1
tt0770828,Man of Steel,Man of Steel,superman2012,Man of Steel,6/12/13,1
tt1905041,Furious 6,Fast & Furious 6,fast6,Fast & Furious 6,5/17/13,1
tt1408101,Star Trek Into Darkness,Star Trek Into Darkness,startrek12,Star Trek Into Darkness,5/9/13,1
tt1453405,Monsters University,Monsters University,monstersinc2,Monsters University,6/20/13,1
tt1343092,The Great Gatsby,The Great Gatsby,greatgatsby2012,The Great Gatsby (2013),5/10/13,1
tt0816711,World War Z,World War Z,worldwarz,World War Z,6/19/13,1
tt1951261,The Hangover Part III,The Hangover Part III,hangover3,The Hangover Part III,5/23/13,1
tt1670345,Now You See Me,Now You See Me,nowyouseeme,Now You See Me,5/30/13,1
tt0848537,Epic,Epic,leafmen,Epic,5/16/13,1
tt1245492,This is the End,This is the End,rogenhilluntitled,This is the End,6/12/13,1
tt2184339,The Purge,The Purge,purge,The Purge,5/31/13,1
tt1815862,After Earth,After Earth,1000ae,After Earth,5/30/13,1
tt2234155,The Internship,The Internship,internship,The Internship,6/7/13,1
tt2404463,The Heat,The Heat,bullockmccarthy,The Heat,6/27/13,1
tt2334879,White House Down,White House Down,whitehousedown,White House Down,6/27/13,1
tt1699755,Peeples,Peeples,wethepeeples,Tyler Perry Presents Peeples,5/10/13,1
tt2209418,Before Midnight,,beforemidnight,Before Midnight,5/22/13,0
tt2132285,The Bling Ring,,blingring,The Bling Ring,6/12/13,0
tt2347569,Frances Ha,,francisha,Frances Ha,6/20/13,0
tt2094064,Much Ado About Nothing,Much Ado About Nothing,muchado13,Much Ado About Nothing (2013),6/7/13,0
tt1869716,The East,The East,east,The East,6/28/13,0
tt1690953,Despicable Me 2,Despicable Me 2,despicableme2,Despicable Me 2,6/20/13,1
tt2191701,Grown Ups 2,Grown Ups 2,grownups2,Grown Ups 2,7/11/13,1
tt1210819,The Lone Ranger,The Lone Ranger,loneranger,The Lone Ranger,7/3/13,1
tt1663662,Pacific Rim,Pacific Rim,pacificrim,Pacific Rim,7/11/13,1
tt1457767,The Conjuring,The Conjuring,conjuring,The Conjuring,7/18/13,1
tt1860353,Turbo,Turbo,turbo,Turbo,7/17/13,1
tt2609912,Kevin Hart: Let Me Explain,Kevin Hart: Let Me Explain,kevinhart2013,Kevin Hart: Let Me Explain,7/3/13,0
tt1821694,RED 2,Red 2,red2,Red 2,7/18/13,1
tt0790736,R.I.P.D.,R.I.P.D.,ripd,R.I.P.D.,7/17/13,1
tt1727388,The Way Way Back,"The Way, Way Back",waywayback,"The Way, Way Back",7/12/13,1
tt2334649,Fruitvale Station,,fruitvale,Fruitvale Station,7/26/13,0
tt2545118,Blackfish,,blackfish,Blackfish,10/18/13,0
tt1430132,The Wolverine,The Wolverine,wolverine2,The Wolverine,7/24/13,1
tt1723121,We're the Millers,We're the Millers,werethemillers,We're the Millers,8/7/13,1
tt1535108,Elysium,Elysium,elysium,Elysium,8/8/13,1
tt1272878,2 Guns,2 Guns,2guns,2 Guns,8/2/13,1
tt2017020,The Smurfs 2,The Smurfs 2,smurfs2,The Smurfs 2,7/31/13,1
tt1691917,Planes,Planes,planes,Planes,8/9/13,1
tt1327773,The Butler,,butler,Lee Daniels' The Butler,8/16/13,0
tt1854564,Percy Jackson: Sea of Monsters,Percy Jackson: Sea of Monsters,percyjackson2,Percy Jackson: Sea of Monsters,8/7/13,1
tt1650554,Kick-Ass 2,Kick-Ass 2,kickass2,Kick-Ass 2,8/14/13,1
tt1538403,The Mortal Instruments: City of Bones,The Mortal Instruments: City of Bones,mortalinstruments,The Mortal Instruments: City of Bones,8/21/13,1
tt2334873,Blue Jasmine,Blue Jasmine,bluejasmine,Blue Jasmine,8/1/13,0
tt2357129,Jobs,Jobs,jobs,Jobs,8/15/13,1
tt1213663,The World's End,The World's End,worldsend,The World's End,7/18/13,1
tt1853739,You're Next,You're Next,yourenext,You're Next,8/22/13,1
tt1413495,Paranoia,Paranoia,paranoia,Paranoia,8/15/13,1
tt2112124,Chennai Express,,chennaiexpress,Chennai Express,8/8/13,0
tt2178470,Yeh Jawaani Hai Deewani,,yeijawaanihaideewani,Yeh Jawaani Hai Deewani,5/31/13,0
tt1758795,The To Do List,The To Do List,todolist,The To-Do List,7/25/13,1
tt1714206,The Spectacular Now,,spectacularnow,The Spectacular Now,9/13/13,0
tt2294677,In a World‰Û_,In A World,inaworld,In a World,8/16/13,0
tt2218003,Closed Circuit,Closed Circuit,closedcircuit,Closed Circuit,8/29/13,1
,,,grandmasters,The Grandmaster,0000-00-00,0
tt1985019,Austenland,Austenland,austenland,Austenland,10/12/13,0
tt2226417,Insidious: Chapter 2,Insidious: Chapter 2,insidious2,Insidious Chapter 2,9/13/13,1
tt1411250,Riddick,Riddick,riddick,Riddick,9/4/13,1
tt1392214,Prisoners,Prisoners,prisoners,Prisoners,9/19/13,1
tt2378281,Instructions Not Included,Instructions Not Included,instructionsnotincluded,Instructions Not Included,8/20/13,0
tt1985966,Cloudy with a Chance of Meatballs 2,Cloudy with a Chance of Meatballs 2,cloudy2,Cloudy with a Chance of Meatballs 2,9/26/13,1
tt2404311,The Family,The Family,malavita,The Family (2013),9/3/13,1
,,One Direction: This Is Us,onedirection,One Direction: This is Us,0000-00-00,0
tt1979320,Rush,Rush,rush2013,Rush (2013),9/12/13,1
tt2167202,Getaway,Getaway,getaway2013,Getaway (2013),8/29/13,1
tt1171222,Baggage Claim,Baggage Claim,baggageclaim,Baggage Claim,9/27/13,0
tt2229499,Don Jon,Don Jon,donjon,Don Jon,9/20/13,1
tt1532958,Battle of the Year,Battle of the Year,planetbboy3d,Battle of the Year,9/19/13,0
tt2390361,Enough Said,Enough Said,enoughsaid,Enough Said,10/11/13,0
tt2172935,Metallica: Through the Never,,metallica2013,Metallica Through the Never,9/26/13,0
,,,jerusalem,Jerusalem,0000-00-00,0
tt1454468,Gravity,Gravity,gravity,Gravity,10/3/13,1
tt1535109,Captain Phillips,Captain Phillips,captainphillips,Captain Phillips,10/10/13,1
tt3063516,Jackass Presents: Bad Grandpa,Bad Grandpa,badgrandpa,Jackass Presents: Bad Grandpa,10/23/13,1
tt1939659,Carrie,Carrie,carrie2013,Carrie (2013),10/16/13,1
tt1731141,Ender's Game,Ender's Game,endersgame,Ender's Game,10/24/13,1
tt1211956,Escape Plan,Escape Plan,tomb,Escape Plan,10/9/13,1
tt1204975,Last Vegas,Last Vegas,lastvegas,Last Vegas,10/31/13,1
tt2364841,Runner Runner,Runner Runner,runnerrunner,Runner Runner,9/25/13,1
tt1621039,Free Birds,Free Birds,turkeys,Free Birds,10/29/13,1
tt2193215,The Counselor,The Counselor,counselor,The Counselor,10/25/13,1
tt2024544,12 Years a Slave,12 Years a Slave,twelveyearsaslave,12 Years a Slave,11/8/13,1
tt2002718,Machete Kills,Machete Kills,machete2,Machete Kills,9/26/13,1
,Pulling Strings,,pullingstrings,Pulling Strings,11/21/13,0
tt1837703,The Fifth Estate,The Fifth Estate,fifthestate,The Fifth Estate,10/11/13,1
tt2349460,Grace Unplugged,Grace Unplugged,graceunplugged,Grace Unplugged,10/4/13,0
tt1618432,I'm in Love with a Church Girl,I'm in Love with a Church Girl,churchgirl,I'm In Love With a Church Girl,12/9/13,0
,,,flyingmonsters,Flying Monsters,0000-00-00,0
tt2017038,All Is Lost,All is Lost,allislost,All Is Lost,11/7/13,1
tt2194499,About Time,About Time,abouttime,About Time,9/4/13,1
,,,bluewarm,Blue Is the Warmest Color,0000-00-00,0
,,,saratovapproach,The Saratov Approach,0000-00-00,0
tt0790636,Dallas Buyers Club,Dallas Buyers Club,dallasbuyersclub,Dallas Buyers Club,11/22/13,1
tt1951264,The Hunger Games: Catching Fire,The Hunger Games: Catching Fire,catchingfire,The Hunger Games: Catching Fire,11/15/13,1
tt1981115,Thor: The Dark World,Thor: The Dark World,thor2,Thor: The Dark World,10/30/13,1
tt1170358,The Hobbit: The Desolation of Smaug,The Hobbit: The Desolation of Smaug,hobbit2,The Hobbit: The Desolation of Smaug,12/11/13,1
tt1229340,Anchorman 2: The Legend Continues,Anchorman 2: The Legend Continues,anchorman2,Anchorman 2: The Legend Continues,12/18/13,1
tt2083355,The Best Man Holiday,The Best Man Holiday,bestman2,The Best Man Holiday,11/15/13,1
tt1800241,American Hustle,American Hustle,davido2013,American Hustle,12/12/13,1
tt2609758,A Madea Christmas,Tyler Perry's A Madea Christmas,madeachristmas,Tyler Perry's A Madea Christmas,12/13/13,0
tt2140373,Saving Mr. Banks,Saving Mr. Banks,savingmrbanks,Saving Mr. Banks,11/29/13,1
tt0359950,The Secret Life of Walter Mitty,The Secret Life of Walter Mitty,waltermitty,The Secret Life of Walter Mitty,12/19/13,1
tt2387559,Delivery Man,Delivery Man,deliveryman,Delivery Man,11/21/13,1
tt1762399,Walking with Dinosaurs 3D,Walking with Dinosaurs 3D,walkingwithdinosaurs,Walking with Dinosaurs,12/18/13,0
tt1335975,47 Ronin,47 Ronin,47ronin,47 Ronin,12/6/13,1
tt0993846,The Wolf of Wall Street,The Wolf of Wall Street,wolfofwallstreet,The Wolf of Wall Street,12/25/13,1
tt2312718,Homefront,,homefront,Homefront,11/27/13,0
tt0816442,The Book Thief,The Book Thief,bookthief,The Book Thief,11/27/13,1
,Philomena,,philomena,Philomena,11/4/13,0
tt1661382,Grudge Match,Grudge Match,grudgematch,Grudge Match,12/25/13,1
tt1206543,Out of the Furnace,Out of the Furnace,outofthefurnace,Out of the Furnace,12/6/13,0
tt1425922,Black Nativity,Black Nativity,blacknativity,Black Nativity,11/27/13,0
tt1821549,Nebraska,Nebraska,nebraska,Nebraska,12/6/13,1
tt2042568,Inside Llewyn Davis,Inside Llewyn Davis,insidellewyndavis,Inside Llewyn Davis,11/6/13,1
tt2304771,Mandela: Long Walk to Freedom,,mandela2013,Mandela: Long Walk to Freedom,11/28/13,0
,Justin Bieber's Believe,,bieber3d,,12/18/13,0
tt1321511,Oldboy,Oldboy,oldboy2013,Oldboy (2013),11/27/13,1
,Krrish 3,,krrish3,Krrish 3,10/31/13,0
tt2294629,Frozen,Frozen,frozen2013,Frozen,11/27/13,1
tt1091191,Lone Survivor,Lone Survivor,lonesurvivor,Lone Survivor,12/25/13,1
tt1408253,Ride Along,Ride Along,ridealong,Ride Along,1/17/14,1
tt1821658,The Nut Job,,nutjob,The Nut Job,1/17/14,0
tt1205537,Jack Ryan: Shadow Recruit,Jack Ryan: Shadow Recruit,jackryan,Jack Ryan: Shadow Recruit,1/15/14,1
tt2473682,Paranormal Activity: The Marked Ones,Paranormal Activity: The Marked Ones,paranormalactivity5,Paranormal Activity: The Marked Ones,1/1/14,1
tt1322269,August: Osage County,,augustosagecounty,August: Osage County,12/26/13,0
tt1798709,Her,Her,her2013,Her (2013),1/9/14,0
tt1043726,The Legend of Hercules,The Legend of Hercules,herculesbegins,The Legend of Hercules,1/8/14,1
tt2752758,Devil's Due,Devil's Due,devilsdue,Devil's Due,1/16/14,1
tt1418377,I_ Frankenstein,"I, Frankenstein",ifrankenstein,"I, Frankenstein",1/22/14,1
,,,greatbeauty,The Great Beauty,0000-00-00,0
tt2425486,Gloria,Gloria,gloria14,Gloria (2014),5/9/13,0
,,,20feetfromstardom,20 Feet from Stardom,0000-00-00,0
tt1490017,The Lego Movie,The Lego Movie,lego,The LEGO Movie,2/6/14,1
tt2177771,The Monuments Men,The Monuments Men,monumentsmen,The Monuments Men,2/7/14,1
tt1234721,Robocop,Robocop,robocop2013,RoboCop (2014),1/30/14,1
tt1826590,About Last Night,About Last Night,aboutlastnight14,About Last Night (2014),2/14/14,1
tt2024469,Non-Stop,Non-Stop,nonstop,Non-Stop,2/26/14,1
tt3210686,Son of God,Son of God,sonofgod,Son of God,2/28/14,0
tt1800246,That Awkward Moment,That Awkward Moment,areweofficiallydating,That Awkward Moment,1/29/14,1
tt2318092,Endless Love,Endless Love,endlesslove14,Endless Love (2014),2/12/14,1
tt2172934,3 Days to Kill,3 Days to Kill,threedaystokill,3 Days to Kill,2/19/14,1
tt1921064,Pompeii,Pompeii,pompeii,Pompeii,2/19/14,1
tt1967545,Labor Day,Labor Day,laborday,Labor Day,1/31/14,1
tt1837709,Winter's Tale,Winter's Tale,winterstale,Winter's Tale,2/13/14,1
tt1686821,Vampire Academy,,vampireacademy,Vampire Academy,2/7/14,0
tt2013293,Kaze Tachinu,,windrises,The Wind Rises,7/20/13,0
,,,journeytothesouthpacific,Journey to the South Pacific,0000-00-00,0
,,,lunchbox,The Lunchbox,0000-00-00,0
tt1843866,Captain America: The Winter Soldier,Captain America: The Winter Soldier,marvel14b,Captain America: The Winter Soldier,3/26/14,1
tt1840309,Divergent,Divergent,divergent,Divergent,3/20/14,1
tt0864835,Mr. Peabody & Sherman,Mr. Peabody and Sherman,mrpeabodyandsherman,Mr. Peabody & Sherman,2/7/14,1
tt1253863,300: Rise of an Empire,300: Rise of an Empire,300sequel,300: Rise of An Empire,3/5/14,1
tt1959490,Noah,Noah,noah,Noah,3/21/14,1
tt2357291,Rio 2,Rio 2,rio2,Rio 2,3/20/14,1
tt1929263,Heaven is for Real,Heaven is for Real,heavenisforreal,Heaven is for Real,4/16/14,1
tt2528814,God's Not Dead,,godsnotdead,God's Not Dead,3/22/14,0
tt2281587,Muppets Most Wanted,Muppets Most Wanted,muppets2,Muppets Most Wanted,3/19/14,1
tt2278388,The Grand Budapest Hotel,The Grand Budapest Hotel,grandbudapesthotel,The Grand Budapest Hotel,2/26/14,1
tt2369135,Need for Speed,Need for Speed,needforspeed,Need for Speed,3/12/14,1
tt2388715,Oculus,Oculus,oculus,Oculus,4/10/14,0
tt2223990,Draft Day,Draft Day,draftday,Draft Day,4/17/14,1
tt2209764,Transcendence,Transcendence,transcendence,Transcendence,4/17/14,1
tt2465140,The Single Moms Club,The Single Moms Club,singlemomsclub,Tyler Perry's The Single Moms Club,3/14/14,1
tt2828996,A Haunted House 2,A Haunted House 2,hauntedhouse2,A Haunted House 2,3/28/14,0
tt2458776,Bears,Bears,bears,Bears,4/19/14,0
tt1430612,Brick Mansions,Brick Mansions,brickmansions,Brick Mansions,4/23/14,0
tt1742334,Sabotage,,ten2014,Sabotage (2014),3/28/14,0
,,,dhoom3,Dhoom 3,0000-00-00,0
tt2170299,Bad Words,Bad Words,badwords,Bad Words,3/28/14,0
tt1621046,Cesar Chavez,Cesar Chavez,cesarchavez,Cesar Chavez,3/28/14,0
tt2235779,The Quiet Ones,The Quiet Ones,quietones,The Quiet Ones,4/10/14,1
tt2771372,Veronica Mars,Veronica Mars,veronicamars,Veronica Mars,3/13/14,1
,The Raid 2: Berandal,The Raid 2,raid2,The Raid 2,0000-00-00,0
,,,leweekend,Le Week-End,0000-00-00,0
,,,2states,2 States,0000-00-00,0
tt1441395,Under the Skin,,undertheskin2014,Under the Skin (2014),3/14/14,0
tt3231010,Island of Lemurs: Madagascar,,islandoflemurs,Island of Lemurs: Madagascar (IMAX),4/4/14,0
,,,railwayman,The Railway Man,0000-00-00,0
tt2258345,Fading Gigolo,,fadinggigolo,Fading Gigolo,4/9/14,0
tt1872181,The Amazing Spider-Man 2,The Amazing Spider-Man 2,amazingspiderman2,The Amazing Spider-Man 2,4/16/14,1
tt0831387,Godzilla,Godzilla,godzilla2012,Godzilla (2014),5/14/14,1
tt1877832,X-Men: Days of Future Past,X-Men: Days of Future Past,xmen2014,X-Men: Days of Future Past,5/20/14,1
tt2004420,Neighbors,Neighbors,townies,Neighbors,5/3/14,1
tt1587310,Maleficent,Maleficent,maleficient,Maleficent,5/28/14,1
tt1086772,Blended,Blended,blended,Blended,5/22/14,1
tt1647668,Million Dollar Arm,Million Dollar Arm,milliondollararm,Million Dollar Arm,5/9/14,0
tt2557490,A Million Ways to Die in The West,A Million Ways to Die in The West,millionwaystodie,A Million Ways to Die in the West,5/29/14,1
tt0884726,Legends of Oz: Dorothy‰Ûªs Return,,legendsofoz,Legends of Oz: Dorothy's Return,5/8/14,0
tt2883512,Chef,Chef,chef,Chef,5/8/14,1
,,Belle,belle,Belle,0000-00-00,0
,,,theimmigrant,The Immigrant,0000-00-00,0
,,,ida,Ida,0000-00-00,0
,,Words and Pictures,wordsandpictures,Words and Pictures,0000-00-00,0
tt2109248,Transformers: Age of Extinction,Transformers: Age of Extinction,transformers4,Transformers: Age of Extinction,6/25/14,1
tt2294449,22 Jump Street,22 Jump Street,21jumpstreet2,22 Jump Street,6/5/14,1
tt1646971,How to Train Your Dragon 2,How to Train Your Dragon 2,howtotrainyourdragon2,How to Train Your Dragon 2,6/5/14,1
tt2582846,The Fault in Our Stars,The Fault in Our Stars,faultinourstars,The Fault in our Stars,6/4/14,1
tt1631867,Edge of Tomorrow,Edge of Tomorrow,allyouneediskill,Edge of Tomorrow,5/28/14,1
tt2239832,Think Like a Man Too,Think Like a Man Too,thinklikeaman2,Think Like a Man Too,6/20/14,1
tt2103254,Tammy,Tammy,tammy,Tammy,7/2/14,1
tt1742044,Jersey Boys,Jersey Boys,jerseyboys,Jersey Boys,6/18/14,0
tt2377322,Deliver Us from Evil,Deliver Us from Evil,bewarethenight,Deliver Us From Evil,7/2/14,1
tt2183034,Earth to Echo,,echo,Earth to Echo,7/2/14,0
tt3014666,Moms‰Ûª Night Out,Mom's Night Out,momsnightout,Moms' Night Out,5/9/14,0
tt2319580,The Grand Seduction,,grandseduction,The Grand Seduction,5/30/14,0
tt1980929,Begin Again,,canasong,Begin Again,6/27/14,0
,,,obviouschild,Obvious Child,0000-00-00,0
tt2015381,Guardians of the Galaxy,Guardians of the Galaxy,marvel2014a,Guardians of the Galaxy,7/31/14,1
tt2103281,Dawn of the Planet of the Apes,Dawn of the Planet of the Apes,dawnoftheapes,Dawn of the Planet of the Apes,7/9/14,1
tt1291150,Teenage Mutant Ninja Turtles,Teenage Mutant Ninja Turtles,tmnt2013,Teenage Mutant Ninja Turtles (2014),8/7/14,1
tt2872732,Lucy,Lucy,lucy,Lucy,7/25/14,1
tt1790864,The Maze Runner,The Maze Runner,mazerunner,The Maze Runner,9/11/14,1
tt2267998,Gone Girl,Gone Girl,gonegirl,Gone Girl,10/1/14,1
tt0455944,The Equalizer,The Equalizer,equalizer,The Equalizer,9/24/14,1
tt1924435,Let's Be Cops,Let's Be Cops,letsbecops,Let's Be Cops,8/13/14,1
tt1267297,Hercules,Hercules,hercules2014,Hercules (2014),7/23/14,1
tt2975578,The Purge: Anarchy,The Purge: Anarchy,purge2,The Purge: Anarchy,7/17/14,1
tt3322940,Annabelle,Annabelle,newlinehorror,Annabelle,10/1/14,1
tt2980706,Planes: Fire & Rescue,Planes: Fire & Rescue,planes2,Planes: Fire & Rescue,7/17/14,1
tt2980648,The Hundred-Foot Journey,The Hundred-Foot Journey,100foot,The Hundred-Foot Journey,8/7/14,1
tt2011159,No Good Deed,No Good Deed,nogooddeed13,No Good Deed (2014),9/10/14,1
tt1355630,If I Stay,If I Stay,ifistay,If I Stay,8/22/14,1
tt2106361,Into the Storm,Into the Storm,intothestorm,Into The Storm,8/7/14,1
tt0435651,The Giver,,giver,The Giver,8/14/14,0
tt0787474,The Boxtrolls,The Boxtrolls,laika2014,The Boxtrolls,9/10/14,1
tt2978462,Dolphin Tale 2,Dolphin Tale 2,dolphintale2,Dolphin Tale 2,9/11/14,1
tt2333784,The Expendables 3,The Expendables 3,expendables3,The Expendables 3,8/7/14,1
tt1956620,Sex Tape,Sex Tape,sextape,Sex Tape,7/16/14,1
tt1371150,This is Where I Leave You,This Is Where I Leave You,thisiswhereileaveyou,This is Where I Leave You,9/11/14,1
tt2473602,Get on Up,Get on Up,getonup,Get On Up,8/1/14,1
tt2247476,When the Game Stands Tall,When the Game Stands Tall,whenthegamestandstall,When the Game Stands Tall,8/22/14,1
tt0829150,Dracula Untold,Dracula Untold,dracula,Dracula Untold,10/1/14,1
tt0365907,A Walk Among the Tombstones,A Walk Among the Tombstones,walktombstones,A Walk Among the Tombstones,9/18/14,1
,,The November Man,novemberman,The November Man,0000-00-00,0
tt1065073,Boyhood,,boyhood,Boyhood,6/5/14,0
tt1698641,Alexander and the Terrible_ Horrible_ No Good_ Very Bad Day,"Alexander and the Terrible, Horrible, No Good, Very Bad Day",alexanderbadday,"Alexander and the Terrible, Horrible, No Good, Very Bad Day",10/9/14,1
tt2870612,As Above_ So Below,"As Above, So Below",asabovesobelow,As Above/So Below,8/19/14,1
tt1972571,A Most Wanted Man,A Most Wanted Man,amostwantedman,A Most Wanted Man,7/25/14,1
tt1872194,The Judge,The Judge,judge,The Judge,10/9/14,1
tt2465146,And So It Goes,,andsoitgoes,And So It Goes,7/10/14,0
tt2626350,Step Up All In,Step Up: All In,stepup5,Step Up All In,7/9/14,1
tt0458481,Sin City: A Dame to Kill For,,sincity2,Frank Miller's Sin City: A Dame to Kill For,8/21/14,0
tt2467046,Left Behind,,leftbehind2014,Left Behind (2014),10/2/14,0
tt1600196,The Drop,The Drop,drop,The Drop,9/12/14,1
tt2870756,Magic in the Moonlight,,magicinthemoonlight,Magic in the Moonlight,7/25/14,0
tt2205401,Addicted,Addicted,addicted,Addicted,10/10/14,0
tt3005242,Cantinflas,Cantinflas,cantinflas,Cantinflas,8/29/14,0
tt1571249,The Skeleton Twins,The Skeleton Twins,skeletontwins,The Skeleton Twins,9/11/14,1
tt2234003,Calvary,Calvary,calvary,Calvary,4/11/14,0
tt2870708,Wish I Was Here,Wish I Was Here,wishiwashere,Wish I Was Here,7/18/14,1
,,,meetthemormons,Meet the Mormons,0000-00-00,0
,,,whatif2014,What If (2014),0000-00-00,0
,,,admiral,The Admiral: Roaring Currents,0000-00-00,0
tt2326574,The Identical,,identical,The Identical,9/5/14,0
tt3532608,The Fluffy Movie,,fluffymovie,The Fluffy Movie,7/25/14,0
tt2967006,The Trip to Italy,,triptoitaly,The Trip to Italy,4/25/14,0
tt2372222,Kick,,kick,Kick,7/25/14,0
tt2905838,Bang Bang,Bang Bang,bangbang,Bang Bang,9/25/14,0
tt2639344,Love is Strange,,loveisstrange,Love is Strange,8/22/14,0
,,The Good Lie,goodlie,The Good Lie,0000-00-00,0
,,Kill the Messenger,killthemessenger,Kill the Messenger,0000-00-00,0
,,,myoldlady,My Old Lady,0000-00-00,0
,,,whiplash,Whiplash,0000-00-00,0
,,,stvincent,St. Vincent,0000-00-00,0
tt2713180,Fury,Fury,fury2014,Fury (2014),10/15/14,1
tt2245084,Big Hero 6,Big Hero 6,disney2014,Big Hero 6,10/25/14,1
tt0816692,Interstellar,Interstellar,interstellar,Interstellar,11/5/14,1
tt2262227,The Book of Life,The Book of Life,bookoflife14,The Book of Life (2014),10/2/14,1
tt1204977,Ouija,Ouija,ouija,Ouija,10/23/14,0
tt2911666,John Wick,John Wick,johnwick,John Wick,10/23/14,1
tt1972779,The Best of Me,The Best of Me,bestofme,The Best of Me,10/15/14,0
tt2872718,Nightcrawler,Nightcrawler,nightcrawlers,Nightcrawler,10/23/14,0
tt2562232,Birdman or (The Unexpected Virtue of Ignorance),Birdman,birdman,Birdman,10/17/14,1
tt1706620,Snowpiercer,,snowpiercer,Snowpiercer,8/1/14,0
tt2235108,Dear White People,Dear White People,dearwhitepeople,Dear White People,10/17/14,0
tt1726592,Before I Go to Sleep,,beforeigotosleep,Before I Go To Sleep,9/4/14,0
,,,citizenfour,Citizenfour,0000-00-00,0
tt2980516,The Theory of Everything,The Theory of Everything,theoryofeverything,The Theory of Everything,11/7/14,0
tt1951265,The Hunger Games: Mockingjay - Part 1,The Hunger Games: Mockingjay - Part 1,hungergames3,The Hunger Games: Mockingjay - Part 1,11/19/14,1
tt2310332,The Hobbit: The Battle of the Five Armies,The Hobbit: The Battle of the Five Armies,hobbit3,The Hobbit: The Battle of the Five Armies,12/10/14,1
tt2096672,Dumb and Dumber To,Dumb and Dumber To,dumberto,Dumb and Dumber To,11/12/14,1
tt2692250,Night at the Museum: Secret of the Tomb,Night at the Museum: Secret of the Tomb,nightatthemuseum3,Night at the Museum: Secret of the Tomb,12/17/14,1
tt1911658,Penguins of Madagascar,Penguins of Madagascar,penguinsofmadagascar,Penguins of Madagascar,11/14/14,1
tt2180411,Into the Woods,Into the Woods,intothewoods,Into the Woods,12/24/14,1
tt1809398,Unbroken,Unbroken,unbroken,Unbroken,12/25/14,0
tt1823664,Annie,Annie,annie2014,Annie (2014),12/17/14,0
tt1528100,Exodus: Gods and Kings,Exodus: Gods and Kings,exodus,Exodus: Gods and Kings,12/3/14,0
tt2170439,Horrible Bosses 2,Horrible Bosses 2,horriblebosses2,Horrible Bosses 2,11/26/14,1
tt2084970,The Imitation Game,,imitationgame,The Imitation Game,11/14/14,0
tt2784678,Top Five,Top Five,topfive,Top Five,12/12/14,1
tt2305051,Wild,Wild,wild2014,Wild (2014),12/3/14,0
tt2039393,The Gambler,The Gambler,gambler,The Gambler,12/25/14,0
tt3125324,Beyond the Lights,Beyond the Lights,blackbird,Beyond the Lights,11/14/14,0
tt2338151,P.K.,,pk,P.K.,12/18/14,0
tt1126590,Big Eyes,,bigeyes,Big Eyes,12/25/14,0
tt1100089,Foxcatcher,,foxcatcher,Foxcatcher,11/14/14,0
tt2788710,The Interview,The Interview,interview2014,The Interview (2014),12/24/14,0
tt2752688,Rosewater,,rosewater,Rosewater,11/27/14,0
tt4009460,Saving Christmas,,savingchristmas,Kirk Cameron's Saving Christmas,11/14/14,0
tt2799166,The Pyramid,The Pyramid,pyramid,The Pyramid,12/4/14,1
tt2398231,The Homesman,The Homesman,homesman,The Homesman,6/26/14,1
tt1020072,Selma,Selma,selma,Selma,12/25/14,0
tt1791528,Inherent Vice,Inherent Vice,inherentvice,Inherent Vice,12/12/14,1
,,Mr. Turner,mrturner,Mr. Turner,0000-00-00,0
tt2322441,Fifty Shades of Grey,Fifty Shades of Grey,fiftyshadesofgrey,Fifty Shades of Grey,2/11/15,1
tt2279373,The SpongeBob Movie: Sponge Out of Water,The SpongeBob Movie: Sponge Out of Water,spongebob2,The SpongeBob Movie: Sponge Out of Water,1/28/15,1
tt2446042,Taken 3,Taken 3,taken3,Taken 3,1/1/15,1
tt2802144,Kingsman: The Secret Service,Kingsman: The Secret Service,secretservice,Kingsman: The Secret Service,1/29/15,1
tt1109624,Paddington,,paddington,Paddington,11/27/14,0
tt0884732,The Wedding Ringer,The Wedding Ringer,kevinhart15,The Wedding Ringer,1/14/15,1
tt1617661,Jupiter Ascending,Jupiter Ascending,jupiterascending,Jupiter Ascending,2/4/15,1
tt3181822,The Boy Next Door,The Boy Next Door,boynextdoor,The Boy Next Door,1/21/15,1
tt2436386,Project Almanac,Project Almanac,almanac,Project Almanac,11/13/14,1
tt2883434,Black or White,Black or White,blackorwhite,Black or White,12/3/14,0
tt1121096,Seventh Son,Seventh Son,seventhson,Seventh Son,12/17/14,1
tt2097298,McFarland_ USA,"McFarland, USA",mcfarland,"McFarland, USA",2/20/15,1
tt4191054,Strange Magic,Strange Magic,strangemagic,Strange Magic,1/23/15,0
tt1666801,The DUFF,The Duff,duff,The DUFF,2/20/15,1
tt2339741,The Woman in Black 2: Angel of Death,The Woman in Black 2: Angel of Death,womaninblack2,The Woman in Black 2: Angel of Death,12/30/14,1
tt3316960,Still Alice,Still Alice,stillalice,Still Alice,12/5/14,0
tt2717822,Blackhat,Blackhat,mann2015,Blackhat,1/14/15,1
tt3045616,Mortdecai,Mortdecai,mortdecai,Mortdecai,1/21/15,1
tt2637294,Hot Tub Time Machine 2,Hot Tub Time Machine 2,hottub2,Hot Tub Time Machine 2,2/20/15,1
tt1850397,The Loft,The Loft,loft,The Loft,10/15/14,0
tt2937898,A Most Violent Year,,amostviolentyear,A Most Violent Year,12/31/14,0
tt3233418,Spare Parts,Spare Parts,spareparts,Spare Parts,1/16/15,0
,,,odetomyfather,Ode to My Father,0000-00-00,0
,,,whatwedointheshadows,What We Do in the Shadows,0000-00-00,0
,,Mommy,mommy,Mommy,0000-00-00,0
,,Wild Tales,wildtales,Wild Tales,0000-00-00,0
tt2820852,Furious Seven,Furious 7,fast7,Furious 7,3/26/15,1
tt1661199,Cinderella,Cinderella,cinderella2015,Cinderella (2015),3/6/15,1
tt2908446,Insurgent,Insurgent,insurgent,The Divergent Series: Insurgent,3/18/15,1
tt2561572,Get Hard,Get Hard,gethard,Get Hard,3/26/15,1
tt2381941,Focus,Focus,focus2015,Focus (2015),2/25/15,1
tt3450650,Paul Blart: Mall Cop 2,Paul Blart: Mall Cop 2,paulblart2,Paul Blart: Mall Cop 2,4/9/15,1
tt2555736,The Second Best Exotic Marigold Hotel,The Second Best Exotic Marigold Hotel,bestexotic2,The Second Best Exotic Marigold Hotel,2/26/15,1
tt1823672,Chappie,Chappie,chappie,Chappie,3/4/15,1
tt2726560,The Longest Ride,The Longest Ride,thelongestride,The Longest Ride,4/3/15,1
tt2199571,Run All Night,Run All Night,runallnight,Run All Night,3/11/15,1
tt3713166,Cybernatural,Unfriended,cybernatural,Unfriended,4/17/15,1
tt2918436,The Lazarus Effect,The Lazarus Effect,lazarus,The Lazarus Effect,2/26/15,0
tt2404425,Woman in Gold,,womaningold,Woman in Gold,4/1/15,0
tt1655441,The Age of Adaline,The Age of Adaline,ageofadaline,The Age of Adaline,4/8/15,1
tt3235888,It Follows,,itfollows,It Follows,2/4/15,0
tt4056738,Do You Believe?,,doyoubelieve,Do You Believe?,3/20/15,0
tt3660770,Monkey Kingdom,Monkey Kingdom,monkeykingdom,Monkey Kingdom,4/16/15,0
tt2515034,The Gunman,,gunman2015,The Gunman,2/18/15,0
tt2358925,Unfinished Business,Unfinished Business,vaughn14,Unfinished Business,3/3/15,1
tt0470752,Ex Machina,Ex Machina,exmachina,Ex Machina,1/21/15,1
tt1791682,While We're Young,,whilewereyoung,While We're Young,3/27/15,0
tt1772288,Danny Collins,,dannycollins,Danny Collins,3/19/15,0
tt2273657,True Story,True Story,truestory,True Story,4/17/15,0
tt4357170,A La Mala,A la mala,alamala,A La Mala,2/26/15,0
tt1810683,Little Boy,,littleboy,Little Boy,4/24/15,0
,,The Water Diviner,waterdiviner,The Water Diviner,0000-00-00,0
tt0369610,Jurassic World,Jurassic World,jurassicpark4,Jurassic World,6/10/15,1
tt2395427,Avengers: Age of Ultron,Avengers: Age of Ultron,avengers2,Avengers: Age of Ultron,4/22/15,1
tt2096673,Inside Out,Inside Out,pixar2014,Inside Out,6/17/15,1
tt2848292,Pitch Perfect 2,Pitch Perfect 2,pitchperfect2,Pitch Perfect 2,5/7/15,1
tt1392190,Mad Max: Fury Road,Mad Max: Fury Road,furyroad,Mad Max: Fury Road,5/13/15,1
tt2126355,San Andreas,San Andreas,sanandreas,San Andreas,5/27/15,1
tt2293640,Minions,Minions,minions,Minions,7/17/15,1
tt3079380,Spy,Spy,susancooper,Spy,5/20/15,1
tt1964418,Tomorrowland,Tomorrowland,1952,Tomorrowland,5/20/15,1
tt2637276,Ted 2,Ted 2,ted2,Ted 2,6/25/15,1
tt1340138,Terminator Genisys,Terminator Genisys,terminator2015,Terminator: Genisys,6/25/15,1
tt3195644,Insidious: Chapter 3,Insidious: Chapter 3,insidiouschapter3,Insidious Chapter 3,5/28/15,1
tt2268016,Magic Mike XXL,Magic Mike XXL,magicmike2,Magic Mike XXL,7/1/15,1
tt1029360,Poltergeist,Poltergeist,poltergeist2015,Poltergeist (2015),5/20/15,1
tt3369806,Max,Max,max2015,Max (2015),6/25/15,1
tt2967224,Hot Pursuit,Hot Pursuit,witherspoonvergara,Hot Pursuit,5/7/15,1
tt1674771,Entourage,Entourage,entourage,Entourage,6/3/15,1
tt1243974,Aloha,Aloha,crowe2014,Aloha,5/28/15,1
tt3850214,Dope,Dope,dope,Dope,6/19/15,0
tt2309260,The Gallows,The Gallows,newlinehorror2015,The Gallows,7/9/15,1
tt2935476,Far from the Madding Crowd,Far from the Madding Crowd,maddingcrowd,Far from the Madding Crowd,4/23/15,1
tt0903657,Love & Mercy,Love & Mercy,loveandmercy,Love & Mercy,6/4/15,0
tt2140379,Self/Less,Self/less,selfless,Self/Less,7/10/15,1
tt3236120,I'll See You in My Dreams,,dreams15,I'll See You In My Dreams,5/15/15,0
tt2582496,Me and Earl and the Dying Girl,Me and Earl and the Dying Girl,meandearl,Me and Earl and the Dying Girl,6/12/15,1
tt2631186,Baahubali: The Beginning,,baahubali:thebeginning,Baahubali: The Beginning,7/9/15,0
tt4110568,Dil Dhadakne Do,,dildhadaknedo,Dil Dhadakne Do,6/4/15,0
tt2870648,Amy,,amy,Amy,6/11/15,0
,,,foreveryoung,Forever Young,0000-00-00,0
tt2179136,American Sniper,American Sniper,americansniper,American Sniper,1/1/15,1
tt1951266,The Hunger Games: Mockingjay - Part 2,The Hunger Games: Mockingjay - Part 2,hungergames4,The Hunger Games: Mockingjay - Part 2,11/18/15,0
tt3659388,The Martian,The Martian,scott2016,The Martian,9/30/15,0
tt2381249,Mission: Impossible - Rogue Nation,Mission: Impossible - Rogue Nation,mi5,Mission: Impossible - Rogue Nation,7/28/15,1
tt2379713,Spectre,Spectre,bond24,Spectre,10/26/15,0
tt0478970,Ant-Man,Ant-Man,antman,Ant-Man,7/14/15,1
tt2510894,Hotel Transylvania 2,Hotel Transylvania 2,hoteltransylvania2,Hotel Transylvania 2,9/21/15,0
tt1398426,Straight Outta Compton,Straight Outta Compton,straightouttacompton,Straight Outta Compton,8/13/15,1
tt2452042,The Peanuts Movie,The Peanuts Movie,peanuts2015,The Peanuts Movie,11/5/15,0
tt3152624,Trainwreck,Trainwreck,trainwreck15,Trainwreck,7/17/15,1
tt1979388,The Good Dinosaur,The Good Dinosaur,pixar2013,The Good Dinosaur,11/25/15,0
tt4046784,Maze Runner: The Scorch Trials,Maze Runner: The Scorch Trials,mazerunner2,Maze Runner: The Scorch Trials,9/9/15,0
tt3076658,Creed,Creed,creed,Creed,11/25/15,0
tt2120120,Pixels,Pixels,pixels,Pixels,7/16/15,1
tt1051904,Goosebumps,Goosebumps,goosebumps,Goosebumps,10/14/15,0
tt2361509,The Intern,The Intern,intern,The Intern,9/23/15,0
tt3682448,Bridge of Spies,Bridge of Spies,coldwar2015,Bridge of Spies,10/14/15,0
tt3832914,War Room,War Room,warroom2015,War Room,8/28/15,1
tt3567288,The Visit,The Visit,blumhouse2015,The Visit,9/9/15,0
tt1355683,Black Mass,Black Mass,whiteybulger15,Black Mass,9/17/15,0
tt1524930,Vacation,Vacation,newline15,Vacation,7/29/15,1
tt3862750,The Perfect Guy,The Perfect Guy,perfectguy,The Perfect Guy,9/10/15,0
tt1502712,Fantastic Four,Fantastic Four,fantasticfour15,Fantastic Four,8/5/15,1
tt1798684,Southpaw,,southpaw2015,Southpaw,7/22/15,0
tt3397884,Sicario,Sicario,sicario,Sicario,9/17/15,0
tt1638355,The Man From U.N.C.L.E.,The Man from U.N.C.L.E.,uncle,The Man From U.N.C.L.E.,8/13/15,1
tt2719848,Everest,Everest,everest2015,Everest (2015),9/10/15,0
tt3530002,The Night Before,,xmas2015,The Night Before,11/20/15,0
tt3332064,Pan,Pan,pan,Pan,9/24/15,0
tt3622592,Paper Towns,Paper Towns,papertowns,Paper Towns,6/18/15,1
tt2554274,Crimson Peak,Crimson Peak,crimsonpeak,Crimson Peak,10/14/15,0
tt1178665,A Walk in the Woods,,walkinthewoods,A Walk in the Woods,8/19/15,0
tt3850590,Krampus,,krampus,Krampus,12/2/15,0
tt2752772,Sinister 2,Sinister 2,sinister2,Sinister 2,8/19/15,1
tt1781922,No Escape,,coup,No Escape,8/26/15,0
tt1618442,The Last Witch Hunter,The Last Witch Hunter,lastwitchhunter,The Last Witch Hunter,10/21/15,0
tt3623726,Ricki and the Flash,Ricki and the Flash,rickiandtheflash,Ricki and the Flash,8/7/15,1
tt2279339,Love the Coopers,Love the Coopers,lovethecoopers,Love the Coopers,11/12/15,0
tt2679042,Hitman: Agent 47,Hitman: Agent 47,hitman47,Hitman: Agent 47,8/19/15,1
tt1895587,Spotlight,,spotlight,Spotlight,11/6/15,0
tt2872750,Shaun the Sheep Movie,Shaun the Sheep Movie,shaunthesheep,Shaun the Sheep Movie,2/5/15,1
tt1741273,Secret in Their Eyes,,secretintheireyes2015,The Secret in their Eyes (2015),11/12/15,0
tt2473510,Paranormal Activity: The Ghost Dimension,Paranormal Activity: The Ghost Dimension,paranormalactivity2014,Paranormal Activity: The Ghost Dimension,10/21/15,0
tt2080374,Steve Jobs,Steve Jobs,jobs2015,Steve Jobs,10/23/15,0
tt3168230,Mr. Holmes,Mr. Holmes,mr.holmes,Mr. Holmes,6/19/15,1
tt2938956,The Transporter Refueled,,transporter4,The Transporter Refueled,9/2/15,0
tt3316948,American Ultra,American Ultra,americanultra,American Ultra,8/19/15,1
tt2381111,Brooklyn,Brooklyn,brooklyn,Brooklyn,11/4/15,0
tt4183692,Woodlawn,,woodlawn,Woodlawn,10/16/15,0
tt2503944,Burnt,,adamjones,Burnt,10/22/15,0
tt2006295,The 33,The 33,33,The 33,8/6/15,1
tt1390411,In the Heart of the Sea,In The Heart of the Sea,heartofthesea,In the Heart of the Sea,12/3/15,0
tt3488710,The Walk,The Walk,clouds2015,The Walk,9/30/15,0
tt4643580,Un gallo con muchos huevos,Un Gallo Con Muchos Huevos,ungalloconmuchoshuevos,Un Gallo con Muchos Huevos,8/20/15,0
,Bajrangi Bhaijaan,,bajrangibhaijaan,Bajrangi Bhaijaan,7/17/15,0
tt3819668,Doragon bÌ«ru Z: Fukkatsu no 'F',,dragonballzresurrectionoff,Dragon Ball Z: Resurrection 'F',4/18/15,0
tt2403021,The Green Inferno,,greeninferno,The Green Inferno,9/25/14,0
tt1018765,Our Brand is Crisis,Our Brand Is Crisis,ourbrandiscrisis20115,Our Brand Is Crisis (2015),10/30/15,0
tt4270516,Grandma,,grandma2015,Grandma (2015),9/18/15,0
tt1976009,Victor Frankenstein,Victor Frankenstein,frankenstein2014,Victor Frankenstein,11/25/15,0
tt3203606,Trumbo,,trumbo2015,Trumbo (2015),11/6/15,0
tt4337690,90 Minutes in Heaven,,90minutesinheaven,90 Minutes in Heaven,9/11/15,0
tt3077214,Suffragette,Suffragette,suffragette,Suffragette,10/12/15,0
tt3595298,Prem Ratan Dhan Payo,Prem Ratan Dhan Payo,premratandhanpayo,Prem Ratan Dhan Payo,11/11/15,0
tt3170832,Room,,room2015,Room,10/16/15,0
tt3715320,Irrational Man,,irrationalman,Irrational Man,7/23/15,0
tt1727776,Scouts Guide to the Zombie Apocalypse,,scoutsvszombies,Scouts Guide to the Zombie Apocalypse,10/23/15,0
tt3787590,We Are Your Friends,We Are Your Friends,weareyourfriends,We Are Your Friends,8/26/15,0
tt3062976,Learning to Drive,,learningtodrive,Learning to Drive,7/3/15,0
tt2764784,Phoenix,,phoenix2015,Phoenix (2015),9/25/14,0
tt4296800,Ladrones,Ladrones,ladrones,Ladrones,10/9/15,0
tt3164256,Rock the Kasbah,,rockthekasbah,Rock The Kasbah,10/23/15,0
tt3416744,The End of the Tour,,endofthetour,The End of the Tour,11/12/15,0
tt3065132,He Named Me Malala,He Named Me Malala,malala,He Named Me Malala,10/22/15,0
tt3268668,Captive,Captive,captive2015,Captive (2015),9/17/15,0
tt2872462,Mistress America,Mistress America,mistressamerica,Mistress America,8/14/15,0
tt1596345,Pawn Sacrifice,,pawnsacrifice,Pawn Sacrifice,9/16/15,0
tt2545428,Meru,,meru,Meru,8/14/15,0
tt3719896,My All American,,myallamerican,My All American,11/13/15,0
tt3614530,Jem and the Holograms,Jem and the Holograms,jemandtheholograms,Jem and the Holograms,10/22/15,0
tt4594834,Chi-raq,Chi-Raq,chiraq,Chi-Raq,12/4/15,0
tt3148502,Tamasha,,tamasha,Tamasha,11/26/15,0
tt2488496,Star Wars: The Force Awakens,Star Wars: The Force Awakens,starwars7,Star Wars: The Force Awakens,12/16/15,0
tt1431045,Deadpool,,deadpool2016,Deadpool,2/9/16,0
tt1663202,The Revenant,The Revenant,revenant,The Revenant,1/7/16,0
tt1528854,Daddy‰Ûªs Home,Daddy's Home,daddyshome,Daddy's Home,12/25/15,0
tt1528854,Kung Fu Panda 3,Kung Fu Panda 3,kungfupanda3,Kung Fu Panda 3,12/25/15,0
tt1850457,Sisters,Sisters,nest,Sisters,12/12/15,0
tt2869728,Ride Along 2,Ride Along 2,ridealong2,Ride Along 2,1/13/16,0
tt2974918,Alvin and the Chipmunks: The Road Chip,Alvin and the Chipmunks: The Road Chip,alvin4,Alvin and the Chipmunks: The Road Chip,12/18/15,0
tt2446980,Joy,Joy,joy,Joy,12/24/15,0
tt3460252,The Hateful Eight,,thehatefuleight,The Hateful Eight,12/30/15,0
tt4172430,13 Hours: The Secret Soldiers of Benghazi,,13hoursthesecretsoldiersofbenghazi,13 Hours: The Secret Soldiers of Benghazi,1/14/16,0
tt1860213,Dirty Grandpa,Dirty Grandpa,dirtygrandpa,Dirty Grandpa,1/20/16,0
tt3882082,The Boy,The Boy,boy2016,The Boy (2016),1/21/16,0
tt1292566,How to be Single,,howtobesingle,How to Be Single,1/8/16,0
tt2304933,The 5th Wave,The 5th Wave,5thwave,The 5th Wave,1/14/16,0
tt2058673,Point Break,Point Break,pointbreak2015,Point Break (2015),12/3/15,0
tt0475290,"Hail, Caesar!",,hailcaesar,"Hail, Caesar!",2/5/16,0
tt3387542,The Forest,The Forest,forest,The Forest,1/7/16,0
tt2025690,The Finest Hours,,finesthours,The Finest Hours,1/27/16,0
tt1608290,Zoolander 2,,zoolander2,Zoolander 2,2/6/16,0
tt3797868,The Choice,,thechoice,The Choice,2/4/16,0
tt1594972,Norm of the North,Norm of the North,normofthenorth,Norm of the North,1/14/16,0
tt3231054,Risen,,risen,Risen,2/19/16,0
tt4667094,Fifty Shades of Black,,fiftyshadesofblack,Fifty Shades of Black,1/28/16,0
tt1374989,Pride and Prejudice and Zombies,Pride and Prejudice and Zombies,prideprejudicezombies,Pride and Prejudice and Zombies,2/4/16,0
tt2224026,Home,Home,happysmekday,Home (2015),3/19/15,1
tt2785390,America: Imagine the World Without Her,America: Imagine the World Without Her,america2014,America (2014),7/2/14,0
tt2263944,Dragon Ball Z: Doragon bÌ«ru Z - Kami to Kami,Dragon Ball Z: Battle of Gods,dragonballz2014,Dragon Ball Z: Battle of Gods,3/30/13,0
tt2070862,Temptation: Confessions of a Marriage Counselor,,marriagecounselor,Tyler Perry's Temptation: Confessions of a Marriage Counselor,3/29/13,0
tt3165608,Justin Bieber's Believe,,believe,Believe,12/18/13,0
tt5365246,Ramleela,,ramleela,Ram-Leela,11/12/15,0
tt2739338,The Christmas Candle,,christmascandle,The Christmas Candle,11/15/13,0
tt0990407,The Green Hornet,The Green Hornet,greenhornet,The Green Hornet,1/12/11,0
tt1578275,The Dilemma,The Dilemma,howardvaughnjames,The Dilemma,1/13/11,0
tt0479997,Season of the Witch,,seasonofthewitch,Season of the Witch,1/5/11,0
tt1164999,Biutiful,,biutiful,Biutiful,10/20/10,0
tt1285241,Don 2,,don2,Don 2,12/22/11,0
tt1562872,Zindagi Na Milegi Dobara,,zindagi,Zindagi Na Milegi Dobara,7/15/11,0
tt1023114,The Way Back,,wayback,The Way Back,11/26/10,0
tt1562871,Ra.One,,raone,RA One,10/26/11,0
tt1740047,The Trip,The Trip,trip2011,The Trip (2011),4/24/11,0
tt1596363,The Big Short,The Big Short,bigshort,The Big Short,12/23/15,0
tt3322364,Concussion,Concussion,concussion2015,Concussion (2015),12/25/15,0
tt2402927,Carol,,carol,Carol,11/27/15,0
tt0810819,The Danish Girl,The Danish Girl,danishgirl,The Danish Girl,12/26/15,0
tt3735246,Bajirao Mastani,,bajiraomastani,Bajirao Mastani,12/18/15,0
tt4535650,Dilwale,,diwale,Dilwale,12/17/15,0
tt3722070,The Lady in the Van,,ladyinthevan,The Lady in the Van,11/13/15,0
tt3544082,45 Years,,45years,45 Years,5/29/15,0
tt3312830,Youth,Youth,youth,Youth,5/20/15,1
tt2401878,Anomalisa,Anomalisa,anomalisa,Anomalisa,1/21/16,0
tt0110737,Only You,,onlyyou,Only You,10/7/94,0
tt4263482,The Witch,,thewitch,The Witch,2/19/16,0
tt3499096,Race,,race2016,Race (2016),2/19/16,0
tt2888046,Yip Man 3,,ipman3,Ip Man 3,12/24/15,0
tt5428662,The Oscar Nominated Short Films 2016: Live ActionåÊ,,2016oscarnominatedshortfilms,2016 Oscar Nominated Short Films,1/29/16,0
tt4178092,The Gift,The Gift,blumhousejuly2015,The Gift (2015),7/31/15,1
tt3859076,Truth,,truth,Truth,10/30/15,0
tt1707386,Les MisÌÄå©rables,Les Miserables,lesmiserables2012,Les Miserables (2012),12/21/12,1